﻿<?xml version="1.0"?>
<article xmlns="http://pkp.sfu.ca" xmlns:xsi="http://www.w3.org/2001/XMLSchema-instance" locale="en_US" date_submitted="2019-12-03" stage="production" date_published="2019-05-13" section_ref="ART" seq="1" access_status="0" xsi:schemaLocation="http://pkp.sfu.ca native.xsd">
	<id type="internal" advice="ignore">20190001</id>
	<title locale="en_US">Influence of Drying Temperature and Moisture of Corn Seeds Planted on Their Damage</title>
	<prefix locale="en_US">The</prefix>
	<abstract locale="en_US">Evaluation of harvest and postharvest treatment quality of the grains is affected by usage of appropriate equipment and technology. The grain damage depends on its physical and mechanical features. The corn planting has significant representation in European conditions, mainly for food industry purposes. In the work, we were focused on observing of the drying temperature&#x2019;s impact on the micro-damage of the seeds. The solution of the issue described in the work is closely related to the preparation and solution of the education project KEGA 039SPU-4/2017, and a scientific research project VEGA 1/0718/17 &#x201E;Study about the effect of technological parameters of the surface coating in agricultural and forestry techniques for qualitative parameters, safety and environmental acceptability</abstract>
	<licenseUrl>https://creativecommons.org/licenses/by-nc-nd/4.0/</licenseUrl>
	<keywords locale="en_US">
		<keyword>postharvest grain treatment</keyword>
		<keyword>micro-damage</keyword>
		<keyword>HACCP</keyword>
		<keyword>food industry corn</keyword>
	</keywords>
	<authors xmlns:xsi="http://www.w3.org/2001/XMLSchema-instance" xsi:schemaLocation="http://pkp.sfu.ca native.xsd">
		<author include_in_browse="true" user_group_ref="Author">
			<givenname locale="en_US">Peter</givenname>
			<familyname locale="en_US">Bajus</familyname>
			<affiliation locale="en_US">Slovak Univerzity of Agriculture Nitra, Slovakia</affiliation>
			<country>SK</country>
			<email>noreply@wir.ptir.com</email>
		</author>
		<author include_in_browse="true" user_group_ref="Author">
			<givenname locale="en_US">Miroslav</givenname>
			<familyname locale="en_US">Mraz</familyname>
			<affiliation locale="en_US">Slovak Univerzity of Agriculture Nitra, Slovakia</affiliation>
			<country>SK</country>
			<email>noreply@wir.ptir.com</email>
		</author>
		<author include_in_browse="true" user_group_ref="Author">
			<givenname locale="en_US">Ivan</givenname>
			<familyname locale="en_US">Rigo</familyname>
			<affiliation locale="en_US">Slovak Univerzity of Agriculture Nitra, Slovakia</affiliation>
			<country>SK</country>
			<email>noreply@wir.ptir.com</email>
		</author>
		<author primary_contact="true" include_in_browse="true" user_group_ref="Author">
			<givenname locale="en_US">Pavol</givenname>
			<familyname locale="en_US">Findura</familyname>
			<affiliation locale="en_US">Slovak Univerzity of Agriculture Nitra, Slovakia</affiliation>
			<country>SK</country>
			<email>pavol.findura@uniag.sk</email>
		</author>
		<author include_in_browse="true" user_group_ref="Author">
			<givenname locale="en_US">Adam</givenname>
			<familyname locale="en_US">F&#xFC;rstenzeller</familyname>
			<affiliation locale="en_US">Slovak Univerzity of Agriculture Nitra, Slovakia</affiliation>
			<country>SK</country>
			<email>noreply@wir.ptir.com</email>
		</author>
		<author include_in_browse="true" user_group_ref="Author">
			<givenname locale="en_US">Pawel</givenname>
			<familyname locale="en_US">Kielbasa</familyname>
			<affiliation locale="en_US">Faculty of Production and Power Engineering Cracow, Poland</affiliation>
			<country>PL</country>
			<email>noreply@wir.ptir.com</email>
		</author>
		<author include_in_browse="true" user_group_ref="Author">
			<givenname locale="en_US">Urszula</givenname>
			<familyname locale="en_US">Malaga-Tobola</familyname>
			<affiliation locale="en_US">Faculty of Production and Power Engineering Cracow, Poland</affiliation>
			<country>PL</country>
			<email>noreply@wir.ptir.com</email>
		</author>
	</authors>
	<article_galley xmlns:xsi="http://www.w3.org/2001/XMLSchema-instance" approved="false" xsi:schemaLocation="http://pkp.sfu.ca native.xsd">
		<id type="internal" advice="ignore">1</id>
		<name locale="en_US">HTML</name>
		<seq>0</seq>
		<remote src="https://doi.org/10.1515/agriceng-2019-0001"/>
	</article_galley>
	<issue_identification>
		<volume>23</volume>
		<number>1</number>
		<year>2019</year>
	</issue_identification>
	<pages>5-12</pages>
</article>