﻿<?xml version="1.0" encoding="utf-8"?>
<article xmlns="http://pkp.sfu.ca" xmlns:xsi="http://www.w3.org/2001/XMLSchema-instance" locale="en_US" date_submitted="2022-06-17" stage="production" date_published="2017-06-26" section_ref="ART" seq="1" access_status="0" xsi:schemaLocation="http://pkp.sfu.ca native.xsd">
  <id type="internal" advice="ignore" xmlns="">20170011</id>
  <title locale="en_US" xmlns="">Solutions to Pollution Problems of Oil</title>
  <prefix locale="pl_PL" xmlns="">Sposoby</prefix>
  <abstract locale="en_US" xmlns="">The purpose of the research is to improve the processes of conservation indicators of quality petroleum products (POL). As a hypothesis, it was assumed that the quality of fuel depends on its main quality parameters that most strongly vary during storage and transportation. The methods were applied which are used at the theoretical level of research, such as abstraction, deduction, analysis and synthesis, etc. We presented the main problems of pollution of oil. Moreover, we provided indicators of physical and chemical properties of diesel fuel and motor oil, which characterize their performance and the list of used additives. We analysed the scientific and patent work. We provided solutions to the problem. Correct storage and use of fuel will help maintain its quality parameters and ensure safety and durability of machinery.</abstract>
  <abstract locale="pl_PL" xmlns="">Celem badań jest poprawa wskaźników procesów ochrony jakości produktów naftowych (paliw i smarów). Sformułowano następującą hipotezę, że jakość paliw i smarów zależy od jego głównych parametrów jakościowych, które najsilniej zmieniają się podczas przechowywania i transportu. Użyto metody stosowanej na poziomie badań teoretycznych, takich jak abstrakcja, dedukcja, analiza i synteza, etc. Głównym problemem zanieczyszczenia ropą naftową, są wskaźniki właściwo-ści fizycznych i chemicznych oleju napędowego i olejów silnikowych, charakteryzujące ich wydajność oraz listę zastosowanych dodatków. Zatem właściwe przechowywanie i wykorzystanie paliw i smarów pomoże utrzymać ich parametry jakościowe i zapewnić bezpieczeństwo oraz trwałość urządzeń pracujących przy ich użyciu.</abstract>
  <title locale="pl_PL" xmlns="">Sposoby zapobiegania zanieczyszczeniom produktów naftowych</title>
  <prefix locale="en_US" xmlns="">Solutions</prefix>
  <licenseUrl xmlns="">http://creativecommons.org/licenses/by-nc-nd/4.0</licenseUrl>
  <title locale="pl_PL" xmlns="">
    <keyword>współczynnik filtracji</keyword>
    <keyword>skład chemiczny węglowodorów</keyword>
    <keyword>dodatki do oleju napędowego</keyword>
    <keyword>proces desublimacji</keyword>
  </title>
  <title locale="en_US" xmlns="">
    <keyword>coefficient of filterability</keyword>
    <keyword>the chemical composition of hydrocarbons</keyword>
    <keyword>additives for diesel fuel</keyword>
    <keyword>the process of desublimation</keyword>
  </title>
  <authors xmlns:xsi="http://www.w3.org/2001/XMLSchema-instance" xsi:schemaLocation="http://pkp.sfu.ca native.xsd" xmlns="">
    <author include_in_browse="true" user_group_ref="Author">
      <givenname locale="en_US">Barbara</givenname>
      <familyname locale="en_US">Krzysztofik</familyname>
      <affiliation locale="en_US">Institute of Machinery Management, Ergonomics and Production Processes, University of Agriculture in Krakow</affiliation>
      <country>PL</country>
      <email>Barbara.Krzysztofik@ur.krakow.pl</email>
    </author>
    <author include_in_browse="false" user_group_ref="Author">
      <givenname locale="en_US">Andesh</givenname>
      <familyname locale="en_US">Abdrakhmanov</familyname>
      <affiliation locale="en_US">S. Seifullin Kazakh Agro Technical University in Astan</affiliation>
      <country></country>
      <email>noreply@wir.ptir.org</email>
    </author>
    <author include_in_browse="false" user_group_ref="Author">
      <givenname locale="en_US">Berikbay</givenname>
      <familyname locale="en_US">Orazaliyev</familyname>
      <affiliation locale="en_US">S. Seifullin Kazakh Agro Technical University in Astan</affiliation>
      <country></country>
      <email>noreply@wir.ptir.org</email>
    </author>
    <author include_in_browse="false" user_group_ref="Author">
      <givenname locale="en_US">Beibut</givenname>
      <familyname locale="en_US">Zhusin</familyname>
      <affiliation locale="en_US">S. Seifullin Kazakh Agro Technical University in Astan</affiliation>
      <country></country>
      <email>noreply@wir.ptir.org</email>
    </author>
    <author include_in_browse="false" user_group_ref="Author">
      <givenname locale="en_US">Symbat</givenname>
      <familyname locale="en_US">Tynysbekova</familyname>
      <affiliation locale="en_US">S. Seifullin Kazakh Agro Technical University in Astan</affiliation>
      <country></country>
      <email>noreply@wir.ptir.org</email>
    </author>
  </authors>
  <article_galley xmlns:xsi="http://www.w3.org/2001/XMLSchema-instance" approved="false" xsi:schemaLocation="http://pkp.sfu.ca native.xsd" xmlns="">
    <id type="internal" advice="ignore">11</id>
    <name locale="en_US">HTML</name>
    <seq>0</seq>
    <remote src="https://doi.org/10.1515/agriceng-2017-0011" />
  </article_galley>
  <issue_identification xmlns="">
    <volume>21</volume>
    <number>2(162)</number>
    <year>2017</year>
  </issue_identification>
  <pages xmlns="">5-14</pages>
</article>