﻿<?xml version="1.0" encoding="utf-8"?>
<article xmlns="http://pkp.sfu.ca" xmlns:xsi="http://www.w3.org/2001/XMLSchema-instance" locale="en_US" date_submitted="2022-06-17" stage="production" date_published="2017-06-26" section_ref="ART" seq="1" access_status="0" xsi:schemaLocation="http://pkp.sfu.ca native.xsd">
  <id type="internal" advice="ignore" xmlns="">20170015</id>
  <title locale="en_US" xmlns="">Impact of Friction on the Uniaxial Soil Sample Compression Process</title>
  <prefix locale="pl_PL" xmlns="">Wpływ</prefix>
  <abstract locale="en_US" xmlns="">The objective of the research was to determine the impact of the friction force between the cylinder wall and soil on the soil compaction resistance in relation to the sample height and diameter of the compaction plate. Samples with the diameter of (&lt;em&gt;D&lt;/em&gt;) 100 mm and heights (&lt;em&gt;H&lt;/em&gt;) of 30, 50 or 100 mm made of of soil material collected from subsoil of the selected plastic soils were used. The soil material wasidentified by the following properties: the granulation type, density of the solid phase, humus and calcium carbonate content, reaction, plastic and liquid limit. Properties of the samples were described with moisture, dry density of solid particles, porosity of aeration, plastic degree and saturation. The samples were loaded with plates of varied diameters (&lt;em&gt;d&lt;sub&gt;A&lt;/sub&gt;&lt;/em&gt;: 20; 30; 50; 70; 80; 90 and 98 mm) measuring at the same time forces on the main plate (&lt;em&gt;F&lt;sub&gt;A&lt;/sub&gt;&lt;/em&gt;) and the bottom one (&lt;em&gt;F&lt;sub&gt;B&lt;/sub&gt;&lt;/em&gt;) with the fixed diameter (&lt;em&gt;d&lt;sub&gt;B&lt;/sub&gt;&lt;/em&gt;=98 mm). The registered relationships between the forces &lt;em&gt;F&lt;sub&gt;A&lt;/sub&gt;&lt;/em&gt; and &lt;em&gt;F&lt;sub&gt;B&lt;/sub&gt;&lt;/em&gt; and plate sinkage (samples deformation) were used for determination of the impact of external friction forces (between the cylinder wall and soil) on the compression resistance of soils. It was found out that the participation of the friction force in relation to the height of samples and plate diameter varied from 0 to ca. 70%. It was proved that one may avoid the impact of the plate diameter &lt;em&gt;d&lt;sub&gt;A&lt;/sub&gt;&lt;/em&gt; on the measurement of force &lt;em&gt;F&lt;sub&gt;A&lt;/sub&gt;&lt;/em&gt;, when the relation &lt;em&gt;d&lt;sub&gt;A&lt;/sub&gt;/D&lt;/em&gt;, for samples with the heights of &lt;em&gt;H&lt;/em&gt;30 and &lt;em&gt;H&lt;/em&gt;50, is respectively within 0.5 ≤ &lt;em&gt;d&lt;sub&gt;A&lt;/sub&gt;/D&lt;/em&gt; &amp;lt; 0.8 and 0.5 ≤ &lt;em&gt;d&lt;sub&gt;A&lt;/sub&gt;/D&lt;/em&gt; &amp;lt; 0.7.</abstract>
  <abstract locale="pl_PL" xmlns="">Celem badań było określenie wpływu sił tarcia pomiędzy ścianką cylindra a glebą na opór jej zagęszczania, w zależności od wysokości próbki i średnicy stempla zagęszczającego. Stosowano próbki o średnicy (&lt;i&gt;D&lt;/i&gt;) 100 mm i wysokościach (&lt;i&gt;H&lt;/i&gt;) 30, 50 lub 100 mm, wytwarzane z materiału glebowego pobranego z warstwy podornej wybranych gleb plastycznych. Materiał glebowy scharakteryzowano za pomocą: składu granulometrycznego, gęstości fazy stałej, zawartości próchnicy i węglanu wapnia, odczynu, granic plastyczności i płynności. Właściwości próbek opisano: wilgotno- ścią, gęstością objętościową szkieletu, porowatością aeracji, stopniem plastyczności i stopniem wilgotności. Próbki obciążano stemplami o zróżnicowanych średnicach (&lt;i&gt;d&lt;sub&gt;A&lt;/sub&gt;&lt;/i&gt;: 20; 30; 50; 70; 80; 90 i 98 mm) mierząc jednocześnie siły na stemplu górnym (&lt;i&gt;F&lt;sub&gt;A&lt;/sub&gt;&lt;/i&gt;) oraz dolnym (&lt;i&gt;F&lt;sub&gt;B&lt;/sub&gt;&lt;/i&gt;) o stałej średnicy (&lt;i&gt;d&lt;sub&gt;B&lt;/sub&gt;&lt;/i&gt;=98 mm). Zarejestrowane przebiegi sił &lt;i&gt;F&lt;sub&gt;A&lt;/sub&gt;&lt;/i&gt; i &lt;i&gt;F&lt;sub&gt;B&lt;/sub&gt;&lt;/i&gt; od odkształcenia próbek posłużyły do wyznaczenia wpływu sił tarcia zewnętrznego (pomiędzy ścianką cylindra a glebą) na opór ugniatania próbek. Stwierdzono, że udział sił tarcia, w zależności od wysokości próbki oraz średnicy stempla, wynosi od 0 do około 70%. Wykazano, że można uniknąć wpływu średnicy stempla dA na wynik pomiaru siły &lt;i&gt;F&lt;sub&gt;A&lt;/sub&gt;&lt;/i&gt;, gdy stosunek &lt;i&gt;d&lt;sub&gt;A&lt;/sub&gt;/D&lt;/i&gt;, dla próbek o wysokościach &lt;i&gt;H&lt;/i&gt;30 i &lt;i&gt;H&lt;/i&gt;50, zawiera się odpowiednio w przedziałach 0,5 ≤ &lt;i&gt;d&lt;sub&gt;A&lt;/sub&gt;/D&lt;/i&gt; &lt; 0,8 i 0,5 ≤ &lt;i&gt;d&lt;sub&gt;A&lt;/sub&gt;/D&lt;/i&gt; &lt; 0,7.</abstract>
  <title locale="pl_PL" xmlns="">Wpływ tarcia na przebieg procesu jednoosiowego ściskania próbki gleby</title>
  <prefix locale="en_US" xmlns="">Impact</prefix>
  <licenseUrl xmlns="">http://creativecommons.org/licenses/by-nc-nd/4.0</licenseUrl>
  <title locale="pl_PL" xmlns="">
    <keyword>gleba</keyword>
    <keyword>opór zagęszczania</keyword>
    <keyword>tarcie</keyword>
    <keyword>średnica stempla</keyword>
    <keyword>wysokość próbki</keyword>
  </title>
  <title locale="en_US" xmlns="">
    <keyword>soil</keyword>
    <keyword>compaction resistance</keyword>
    <keyword>friction</keyword>
    <keyword>plate diameter</keyword>
    <keyword>sample height</keyword>
  </title>
  <authors xmlns:xsi="http://www.w3.org/2001/XMLSchema-instance" xsi:schemaLocation="http://pkp.sfu.ca native.xsd" xmlns="">
    <author include_in_browse="true" user_group_ref="Author">
      <givenname locale="en_US">Dariusz</givenname>
      <familyname locale="en_US">Błażejczak</familyname>
      <affiliation locale="en_US">Department of Construction and Usage of Technical Devices, West Pomeranian University of Technology in Szczecin</affiliation>
      <country>PL</country>
      <email>dariusz.blazejczak@zut.edu.pl</email>
    </author>
    <author include_in_browse="false" user_group_ref="Author">
      <givenname locale="en_US">Rafał</givenname>
      <familyname locale="en_US">Nowowiejski</familyname>
      <affiliation locale="en_US">Departemnt of Agrotechnical Systems Engineering, West Pomeranian University of Technology in Szczecin</affiliation>
      <country>PL</country>
      <email>noreply@wir.ptir.org</email>
    </author>
    <author include_in_browse="false" user_group_ref="Author">
      <givenname locale="en_US">Jan B.</givenname>
      <familyname locale="en_US">Dawidowski</familyname>
      <affiliation locale="en_US">Department of Construction and Usage of Technical Devices, West Pomeranian University of Technology in Szczecin</affiliation>
      <country>PL</country>
      <email>noreply@wir.ptir.org</email>
    </author>
  </authors>
  <article_galley xmlns:xsi="http://www.w3.org/2001/XMLSchema-instance" approved="false" xsi:schemaLocation="http://pkp.sfu.ca native.xsd" xmlns="">
    <id type="internal" advice="ignore">15</id>
    <name locale="en_US">HTML</name>
    <seq>0</seq>
    <remote src=" https://doi.org/10.1515/agriceng-2017-0015" />
  </article_galley>
  <issue_identification xmlns="">
    <volume>21</volume>
    <number>2(162)</number>
    <year>2017</year>
  </issue_identification>
  <pages xmlns="">49-58</pages>
</article>